lat,lng,staff_count,sce_licensed_flag
24.7562,46.6822,9,1
24.511,44.401,2,1
26.2956,50.169,2,1
26.3,50.1742,3,1
26.3006,50.1719,5,1
21.5158,39.1676,2,1
21.5166,39.1825,5,1
21.7572,39.1868,4,1
21.5481,39.1614,4,1
24.7325,46.7732,5,1
24.6682,46.7295,7,1
24.7294,46.7681,12,1
27.455,41.6476,13,1
24.7382,46.7609,1,1
29.7971,39.8778,3,1
30.1336,40.3685,2,1
27.524,41.696,2,1
27.5241,41.6962,2,0
27.524,41.6866,1,1
27.5242,41.6948,2,0
27.4941,41.6982,6,1
27.524,41.6959,5,0
27.5243,41.6871,1,1
27.524,41.6877,4,1
27.9149,42.3675,5,1
24.7558,46.7063,0,1
21.5811,39.1444,4,1
24.7559,46.7064,1,1
24.7534,46.7433,0,1
24.7783,46.7094,0,1
24.7916,46.6572,0,1
25.1139,46.0983,0,1
21.5758,39.15,44,1
27.0043,49.6576,1,1
24.8052,46.6566,0,1
24.8308,46.6382,7,1
24.8251,46.6569,4,1
24.7945,46.6506,0,1
24.8731,46.6168,8,0
24.7438,46.6758,0,1
24.7852,46.7065,0,1
24.7913,46.7105,0,1
24.8705,46.6229,0,0
24.8048,46.6514,2,1
24.7758,46.6661,0,1
21.5507,39.1791,3,1
21.5515,39.1801,9,1
21.5032,39.1833,4,1
21.5771,39.1999,7,1
21.5629,39.1666,4,1
21.5594,39.1423,7,1
21.5939,39.131,27,1
24.7175,46.6835,0,1
24.7668,46.7553,0,1
24.7397,46.6841,0,1
24.7541,46.6773,5,0
24.6873,46.7325,0,1
24.7659,46.6615,0,1
26.3286,50.1798,56,1
26.3022,50.2144,8,1
21.6003,39.1916,4,1
21.5764,39.1481,3,1
21.5371,39.2079,4,1
26.2916,50.2089,4,1
28.2574,42.9274,1,1
21.6152,39.2123,4,1
16.987,42.8187,2,1
24.7709,46.7475,0,1
26.2851,50.1962,6,1
26.2879,50.1983,1,1
26.2849,50.1969,3,1
21.5542,39.1691,9,1
21.6003,39.1916,6,1
24.7781,46.6164,0,1
24.7184,46.6859,0,1
24.7523,46.6752,0,1
26.2896,50.1992,1,1
16.8803,42.5715,5,1
24.4754,39.5816,12,1
26.4076,50.1884,1,1
26.3782,50.1477,8,1
16.7205,42.95,2,1
16.7128,42.9466,3,1
16.5969,42.9361,5,1
21.5513,39.1898,3,1
21.7573,39.1869,3,1
21.541,39.1719,9,1
24.8199,46.7299,9,1
24.8024,46.7396,3,1
24.8303,46.7896,5,1
17.5333,44.2118,7,1
24.7853,46.7068,0,1
17.574,44.2326,5,1
17.8492,44.0253,3,1
17.5583,44.2307,2,1
17.5744,44.2327,6,1
17.5499,44.2245,5,1
28.4083,36.5655,3,1
26.3947,43.9469,7,1
31.6644,38.6779,1,1
24.807,46.6405,0,1
24.7681,46.6225,1,1
27.4784,41.7397,0,0
26.8527,40.3276,1,0
27.5241,41.6972,2,1
27.5129,41.6663,3,1
26.3514,43.9527,7,1
27.1786,42.4359,1,0
27.4673,41.6596,0,0
27.5002,41.6737,2,1
27.5105,41.6948,4,1
27.5108,41.6894,0,0
27.5171,41.6928,0,0
27.5212,41.6898,4,1
27.5214,41.6857,2,1
27.5243,41.6863,3,1
27.5245,41.6867,2,0
27.5243,41.687,2,0
26.3135,50.224,0,1
27.5241,41.6872,3,1
27.5243,41.6875,2,1
27.5241,41.6923,3,1
27.5241,41.6925,3,1
27.5241,41.6928,2,1
27.524,41.6942,5,1
27.5241,41.6943,3,1
24.7998,46.6908,0,1
21.3554,39.878,22,1
27.5242,41.6943,4,1
21.4177,39.8607,6,1
26.4526,50.0968,1,1
27.5241,41.6945,2,1
27.524,41.6944,3,1
27.5241,41.6945,3,1
27.5239,41.6947,3,1
27.524,41.6946,3,1
21.625,39.6725,2,1
27.524,41.6946,2,1
27.5241,41.6947,3,1
26.4411,50.1229,1,1
26.441,50.1231,1,1
27.524,41.6954,3,1
27.5242,41.6954,3,1
27.524,41.6957,8,1
26.4191,50.1117,1,1
24.7581,46.6744,0,1
24.762,46.6978,131,1
27.198,42.4509,1,1
27.4705,41.6191,3,1
27.4552,41.6322,2,1
27.915,42.3673,3,1
26.378,50.1226,1,1
27.5111,41.6983,2,1
24.7649,46.704,0,1
27.5798,41.7321,2,1
25.9922,40.8163,1,1
24.439,39.6359,2,1
27.4985,41.692,4,1
27.4941,41.6986,0,0
24.7642,46.7027,0,1
26.3899,50.0935,1,1
24.7671,46.7083,0,1
24.7674,46.7098,0,1
27.5214,41.6854,5,1
27.5214,41.6857,3,1
27.5213,41.686,2,1
27.5212,41.6861,3,1
27.5217,41.6859,3,1
27.5236,41.6843,3,1
27.5239,41.6913,2,1
27.5239,41.692,4,1
17.3827,42.545,2,1
27.5238,41.695,0,1
26.447,50.107,1,1
27.5236,41.6949,3,1
24.4836,39.5862,5,1
24.4835,39.5862,5,1
27.5237,41.6952,2,1
27.5239,41.6961,2,1
27.4898,41.679,1,0
27.5212,41.686,1,0
27.5239,41.6848,1,0
21.5542,39.1692,3,1
21.553,39.166,4,1
21.5748,39.1796,16,1
21.5739,39.1797,7,1
24.797,46.6541,2,1
21.3742,39.8336,4,1
21.3556,39.8825,4,1
21.3762,39.794,6,1
26.5583,50.0028,0,1
21.4087,39.7832,3,1
26.3014,50.2056,57,1
26.398,50.0461,7,1
30.9806,41.0233,4,1
26.4049,50.0624,6,1
26.3023,50.2139,9,1
26.3022,50.2138,2,1
24.488,39.595,15,1
29.6331,43.522,1,1
16.8823,42.5816,1,1
26.3979,50.0455,7,1
16.9146,42.5605,9,1
26.4466,50.1143,14,1
28.4329,45.9772,0,1
16.9174,42.5548,10,1
16.8978,42.5783,3,1
21.4028,39.7875,5,1
21.3555,39.8779,5,1
24.7951,46.6553,0,1
25.3922,49.5814,6,1
16.9093,42.5532,4,1
24.7862,46.6827,0,1
26.2164,50.1932,3,1
16.914,42.561,1,1
16.914,42.5612,4,0
24.4545,39.5857,6,1
25.394,49.5811,28,1
25.3748,49.559,2,1
25.3971,49.5598,3,1
25.3975,49.5599,3,1
25.3597,49.5904,7,1
16.909,42.5532,4,1
27.4691,41.7074,1,1
21.5273,39.1736,3,1
21.8583,39.2293,3,1
21.5275,39.1737,3,1
21.6032,39.1825,3,1
21.3756,39.8101,6,1
21.3709,39.8744,3,1
21.401,39.8799,7,1
21.2675,40.456,1,1
21.4023,39.7872,4,1
21.402,39.784,3,1
20.0185,41.4677,2,1
24.8281,46.6398,1,1
24.1494,47.314,2,1
20.4668,44.7701,2,1
24.747,46.7113,0,1
20.0184,41.4677,1,1
24.7199,46.689,5,1
25.5256,47.1806,1,1
24.7138,46.6723,2,1
24.7191,46.6707,5,1
20.0015,41.4677,3,1
24.7972,46.6332,1,1
25.5321,47.1764,1,1
21.3661,39.8285,2,1
21.4746,39.9403,5,1
24.8032,46.6578,1,1
21.351,39.9004,3,1
24.797,46.7106,3,1
21.2666,40.4084,4,1
24.7857,46.6596,0,1
24.765,46.6404,11,1
21.3739,39.8743,3,1
24.8446,46.6044,4,1
24.7765,46.6171,2,1
21.3895,39.7963,4,1
21.3977,39.7903,21,1
25.54,47.1831,0,1
24.7781,46.6163,2,1
24.7297,46.6699,26,1
24.7264,46.669,1,1
24.7681,46.5765,3,1
24.7255,46.6832,2,1
24.7184,46.6812,0,0
24.8039,46.6742,4,1
24.7892,46.6597,55,1
24.7183,46.6855,6,1
24.7746,46.6654,0,0
24.6663,46.7308,230,0
24.6661,46.7309,230,1
24.8389,46.6054,9,1
24.7759,46.666,0,1
24.8078,46.65,4,1
24.8388,46.6054,1,1
19.9387,41.2549,1,1
20.0117,41.4635,4,1
22.2887,46.7088,3,1
24.8437,46.605,6,1
24.7763,46.68,12,0
24.8117,46.6348,3,1
24.8085,46.6672,26,1
22.2871,46.7283,2,1
24.7998,46.6282,0,1
24.7802,46.6845,0,1
24.7758,46.6808,0,1
24.806,46.7114,2,1
24.7917,46.672,12,1
24.8215,46.6197,997,0
24.8064,46.7167,0,1
24.6717,46.7343,5,1
24.8217,46.6201,37,1
24.7944,46.6505,3,1
24.7928,46.6403,900,1
24.8089,46.6692,2,1
24.6708,46.7321,2,1
24.8217,46.6196,9,1
24.779,46.6874,0,1
24.7392,46.6604,27,1
24.8363,46.5913,2,0
24.8111,46.6263,350,1
24.8262,46.6543,0,1
24.7468,46.723,6,1
24.7299,46.769,0,1
24.7378,46.6634,20,1
24.7374,46.6634,20,1
24.7959,46.6318,30,1
24.8877,46.6188,17,1
24.6887,46.7177,3,1
24.6876,46.7178,6,1
24.6983,46.7226,1,1
24.6982,46.7226,2,1
24.8618,46.6437,3,1
24.8257,46.6579,0,1
24.1534,47.3179,0,1
24.8134,46.6469,50,1
24.8256,46.5895,5,1
24.8261,46.5931,3,1
24.788,46.6818,0,1
24.826,46.6026,4,1
24.1516,47.317,4,1
24.8103,46.6487,3,1
24.8147,46.6306,3,1
24.4697,46.2736,1,1
24.8141,46.6312,3,1
24.8105,46.6485,5,1
24.7818,46.6748,1,1
24.7817,46.6835,13,1
24.1545,47.316,0,1
24.8258,46.5663,2,1
24.1544,47.316,4,1
24.1544,47.3159,13,1
24.881,46.6127,4,1
24.8255,46.5653,9,1
24.1561,47.3144,0,1
24.8263,46.6598,3,1
24.1563,47.3143,0,1
24.6706,46.7365,1,1
24.8047,46.6514,6,1
24.8216,46.6198,60,1
24.7761,46.6877,10,1
24.156,47.3144,0,1
24.8348,46.6569,9,1
24.7061,46.7102,24,1
24.1563,47.3142,30,1
24.8329,46.658,1,1
24.7933,46.6752,0,1
24.1563,47.3142,4,1
24.8094,46.6193,3,1
24.8331,46.6576,2,1
24.7729,46.6894,11,1
24.804,46.652,11,1
24.8043,46.6517,2,0
24.6606,46.74,3,1
24.7711,46.7205,3,1
24.6604,46.7394,5,1
24.8042,46.6518,18,1
24.1534,47.3193,0,1
24.7695,46.7114,350,1
24.8041,46.6518,12,1
24.6619,46.7341,60,1
24.772,46.7103,4,1
24.8056,46.6567,0,1
24.896,46.6124,3,1
24.1535,47.3197,4,1
24.8053,46.6565,0,0
24.8958,46.6124,2,1
24.7738,46.7094,0,1
24.0635,45.2802,3,1
24.8051,46.6564,5,1
24.1538,47.32,1,1
24.8049,46.656,9,1
24.0582,45.2711,1,1
24.1536,47.32,0,1
24.1538,47.3201,1,1
24.0569,45.2695,1,1
24.8068,46.6591,0,1
24.1538,47.3201,0,1
24.807,46.6589,0,1
24.8321,46.6378,1,1
24.7298,46.7686,4,1
24.0473,45.2571,2,1
24.1552,47.3208,3,1
24.8315,46.6379,6,1
24.1613,47.3303,0,1
24.1623,47.331,1,1
24.8314,46.6379,40,1
24.8596,46.6672,10,1
24.6649,46.7283,2,1
24.8313,46.6379,3,1
24.6655,46.7282,5,1
24.6653,46.7283,5,1
24.8523,46.6491,100,1
24.6633,46.7255,11,1
24.8289,46.6391,24,1
24.8518,46.6712,1,1
24.8512,46.6747,1,1
24.166,47.3414,1,1
24.7958,46.6559,0,1
28.4159,36.566,5,1
24.8133,46.6294,0,1
24.1626,47.332,3,1
24.8139,46.6306,14,1
24.8142,46.631,0,1
24.8281,46.6298,1,1
24.8151,46.633,0,1
24.8106,46.6257,0,1
24.8155,46.6329,0,1
24.8149,46.6329,2,1
24.1447,47.3338,4,1
24.8288,46.66,3,0
24.1561,47.3231,10,1
24.8691,46.6189,5,1
24.8176,46.6394,4,1
24.8251,46.6568,2,1
24.1607,47.3174,1,1
24.8218,46.6414,0,1
24.6824,46.6187,0,1
24.7865,46.6592,0,0
24.8206,46.6457,0,1
24.8281,46.6602,2,1
24.8404,46.6771,3,1
24.7908,46.657,2,1
24.8206,46.648,5,1
24.8703,46.623,0,1
24.7914,46.6572,15,1
24.1603,47.3179,5,1
24.7189,46.668,5,1
24.8669,46.6198,4,1
24.8403,46.677,2,1
24.8277,46.6401,2,1
24.7975,46.6539,0,1
24.8199,46.6465,1,1
24.736,46.6593,0,1
24.8389,46.6778,7,1
24.8703,46.6171,1,0
24.1611,47.3121,3,1
24.8705,46.6172,2,1
24.8189,46.6446,1,0
24.7938,46.6545,26,1
24.8355,46.6834,4,1
24.8801,46.6124,7,0
24.7428,46.656,99,1
24.7423,46.6561,6,1
24.8349,46.682,15,1
24.8801,46.6125,1,0
24.1643,47.3148,6,1
24.8864,46.61,5,1
24.8277,46.6603,3,0
24.6617,46.7261,9,1
24.8801,46.6123,3,1
24.8188,46.6445,5,1
24.7477,46.6536,2,1
24.7971,46.6542,0,1
24.7423,46.6492,3,1
24.8344,46.6912,5,1
24.7843,46.3755,3,1
24.6662,46.724,3,1
24.8261,46.6593,3,1
24.8179,46.6419,8,1
24.8334,46.6794,6,1
24.8177,46.6419,0,1
24.7403,46.6464,3,1
24.6637,46.7035,180,1
24.817,46.6397,10,1
24.8391,46.6679,4,1
24.8168,46.64,8,1
25.0298,46.4647,4,1
24.798,46.6536,19,1
24.8263,46.6595,40,1
24.8266,46.6599,3,1
24.8157,46.6365,0,1
24.8261,46.6597,5,1
24.6656,46.6998,5,1
24.813,46.6301,11,1
24.8257,46.6581,3,1
24.813,46.6304,5,1
24.8281,46.6832,1,1
24.6646,46.7108,80,1
25.1116,46.107,2,1
24.7972,46.6357,0,1
24.8246,46.6579,6,1
24.6651,46.7082,15,1
24.8121,46.6698,7,1
25.1311,46.1254,4,1
25.1311,46.1254,4,1
24.8118,46.6698,8,1
24.8249,46.658,8,1
24.8113,46.6699,1,1
24.8089,46.6273,10,1
24.6677,46.7071,19,1
24.8181,46.5953,2,1
24.8252,46.657,5,1
24.8173,46.5973,14,1
24.8163,46.5971,4,1
25.6975,45.8946,2,1
24.7087,46.6654,50,1
24.8148,46.5978,1,1
29.9631,40.1998,1,0
24.7964,46.6993,0,1
24.8246,46.6555,2,1
24.7339,46.6108,2,1
24.8242,46.654,2,1
24.5548,46.5461,1,1
24.823,46.6421,6,1
24.8241,46.6415,6,1
22.6306,41.3628,2,1
24.8241,46.6405,11,1
24.8147,46.5979,1,1
24.8098,46.6478,10,1
24.8144,46.5946,2,1
24.8101,46.6475,22,0
24.8227,46.6536,3,1
24.814,46.599,6,1
24.823,46.6513,5,1
24.8134,46.5918,3,1
24.81,46.6476,9,1
24.8133,46.5986,6,1
24.8131,46.5996,6,1
24.8103,46.6448,0,1
24.8132,46.5997,8,1
24.8082,46.6398,1,1
24.791,46.7021,2,1
24.8124,46.5994,8,1
24.7928,46.6294,0,0
24.8123,46.5991,3,1
24.8105,46.6025,1,1
24.7834,46.7047,0,1
22.8034,39.0324,3,1
24.7866,46.703,2,1
24.7924,46.6285,7,1
22.7986,39.033,1,1
24.7897,46.7014,10,1
22.7996,39.0333,4,1
22.8,39.0337,3,1
24.8035,46.6329,0,1
24.7994,46.6965,0,1
24.6789,46.7186,7,1
24.8093,46.6185,6,1
24.7915,46.6312,3,1
24.8089,46.6189,7,1
24.7997,46.6906,0,1
24.6851,46.7237,7,1
24.8022,46.6307,5,1
24.7863,46.6141,1,1
21.2496,42.8525,1,1
24.6861,46.7185,0,1
24.79,46.6229,1,1
24.8009,46.6468,10,1
22.4326,41.7606,1,1
21.2208,41.6362,3,1
22.7986,39.033,5,1
24.8169,46.6875,9,1
22.6086,41.3453,3,1
21.2683,42.8424,2,1
21.2529,42.8562,2,1
24.7694,46.5822,1,1
24.8069,46.6405,26,1
21.2208,41.6362,5,1
24.8024,46.6501,11,1
22.7472,39.0405,5,0
21.2211,41.6364,3,1
24.7898,46.6221,5,1
24.8078,46.6014,102,1
24.7864,46.6141,5,1
24.8028,46.6504,7,1
22.7987,39.0626,2,1
24.7817,46.6363,11,1
24.8075,46.6173,9,1
24.7991,46.6451,6,1
24.7992,46.6453,2,1
24.7808,46.6355,11,1
24.8074,46.6148,4,1
24.7025,46.6809,12,0
24.7739,46.6295,2,1
24.7712,46.6978,0,1
21.2525,42.8561,3,1
21.2522,42.8493,1,1
21.6003,39.1916,0,0
19.1385,41.0817,3,1
22.0851,39.3145,3,1
19.1389,41.0815,25,1
22.0817,39.3153,3,1
19.1397,41.0816,3,1
22.3073,39.8275,2,1
22.0818,39.3156,3,1
19.133,41.0776,2,1
19.127,41.0822,2,1
24.7974,46.6452,30,1
21.94,39.1229,2,1
24.8062,46.6029,5,1
24.8062,46.6122,6,1
24.7737,46.6195,8,1
18.9714,41.3082,1,1
18.9712,41.3082,1,0
24.8093,46.6187,5,1
24.7302,46.6501,2,1
18.9738,41.305,1,1
24.7965,46.6335,2,1
30.5003,38.2225,4,1
24.7308,46.6478,27,1
30.5013,38.2204,2,1
24.8063,46.6024,1,1
24.7952,46.6355,28,1
24.8866,46.6099,1,0
24.7346,46.6482,5,1
24.8863,46.6101,1,0
24.8865,46.6102,1,0
24.7344,46.6483,5,1
24.7732,46.6198,7,1
24.8056,46.6243,2,1
24.7946,46.6318,31,1
24.8058,46.6244,2,1
24.7388,46.6464,10,1
24.7928,46.6735,15,1
24.8864,46.6101,1,0
19.8215,41.7203,5,0
24.8865,46.61,1,0
24.7722,46.6204,4,1
24.7933,46.6753,0,1
24.8044,46.6031,2,1
24.7722,46.6202,3,1
24.7386,46.6459,47,1
24.7934,46.6756,8,1
24.8042,46.6161,21,1
19.1462,41.0822,3,1
24.8128,46.6275,1,0
19.1507,41.08,1,1
24.7895,46.6363,13,1
24.8027,46.6038,8,1
24.751,46.6396,12,1
24.7687,46.6672,0,1
24.7512,46.6396,13,1
24.8123,46.6263,10,1
24.802,46.6019,5,1
24.8124,46.6263,3,1
24.7052,46.6788,32,1
24.8123,46.6263,2,1
24.7536,46.6385,24,1
24.7714,46.6327,3,1
24.7061,46.6784,300,1
24.8046,46.6078,4,1
24.805,46.6082,3,1
26.3011,44.8338,3,1
24.7057,46.6776,3,1
24.7857,46.6829,4,1
24.7857,46.6829,2,1
26.2922,44.823,3,1
24.8006,46.6016,5,1
24.7669,46.6231,11,1
24.7057,46.676,5,1
24.7618,46.6732,1,1
24.7791,46.6882,0,1
24.7705,46.6711,12,1
24.7992,46.5979,8,1
24.7075,46.6771,16,1
24.763,46.6406,485,1
24.7781,46.5736,4,1
24.708,46.6773,6,1
24.7562,46.6823,9,1
24.7085,46.6763,120,1
24.7925,46.6263,5,1
24.7921,46.626,6,1
24.7096,46.6762,20,1
24.7889,46.6181,5,1
25.9102,45.3599,3,1
24.8963,46.6052,3,1
25.901,45.355,5,1
24.7815,46.5998,6,1
24.7813,46.5999,1,1
24.7813,46.6002,8,1
21.5524,39.1604,6,1
25.2377,45.25,3,1
21.4602,39.9614,6,1
25.197,44.6023,2,1
25.1922,44.6035,3,1
21.3693,39.876,3,1
21.5525,39.1606,4,1
21.5595,39.1421,1,1
21.5544,39.1673,1,1
21.5847,39.1894,6,1
21.5763,39.1927,8,1
21.5762,39.1926,4,1
24.6799,43.7044,4,1
21.5523,39.2374,8,0
21.2908,40.4038,0,0
23.8974,42.9104,3,1
26.4112,50.1107,1120,1
24.7849,46.7919,0,1
24.7788,46.6869,0,1
21.6046,39.1416,3,1
24.5999,46.6254,0,0
21.5941,39.1484,6,1
21.5961,39.1496,5,1
30.9825,41.0242,0,0
21.5982,39.1493,5,1
24.6758,46.6656,7,1
21.6003,39.1205,8,1
21.6022,39.1492,2,1
24.6794,46.6921,8,1
24.7673,46.6841,0,0
24.6762,46.6929,47,1
24.7787,46.6876,27,1
21.5939,39.1309,3,1
21.5903,39.1313,2,1
24.7546,46.7137,4,1
24.7786,46.6875,0,1
21.5989,39.145,2,1
21.5923,39.1367,1,1
24.7786,46.687,0,1
21.588,39.1315,5,1
21.5858,39.1315,3,1
24.7788,46.688,0,1
24.6869,46.6868,22,1
24.766,46.6614,15,1
21.5971,39.1415,8,1
24.7782,46.6865,14,1
21.5973,39.1406,11,1
24.779,46.6877,7,1
21.5815,39.1341,7,1
24.7544,46.6546,1,0
21.5981,39.1374,3,1
24.7791,46.6883,7,1
24.7175,46.6946,8,1
24.7793,46.6882,4,1
24.7506,46.6569,43,1
21.57,39.1696,0,1
24.7792,46.6884,22,1
21.5973,39.1372,5,1
24.7192,46.6933,1,1
21.5702,39.1183,0,1
20.1505,40.263,1,1
24.7505,46.6569,1,0
24.7786,46.6862,6,1
24.7477,46.6583,129,1
24.7168,46.6833,8,1
21.5599,39.1262,11,1
20.1506,40.2631,3,1
24.7082,46.6877,3,1
21.5587,39.1252,40,1
21.5978,39.128,12,1
20.1505,40.2626,1,1
21.5592,39.1251,170,1
21.5984,39.1248,3,1
27.524,41.6852,2,1
26.4127,50.1689,43,0
27.0028,49.6471,0,1
24.6966,46.6788,230,1
27.0709,49.5346,0,1
26.4359,50.1291,0,1
26.3934,50.1047,0,0
26.3487,50.107,0,1
24.6921,46.6744,3,1
20.4546,40.8899,1,1
24.7741,46.7092,0,1
21.5559,39.1694,2,1
21.7771,39.2149,20,1
21.7611,39.2044,5,1
24.7254,46.6527,1,1
21.5527,39.1688,17,1
21.5873,39.164,1,1
21.7573,39.187,6,1
21.757,39.1868,4,1
21.7572,39.187,6,1
21.7575,39.1872,4,1
21.5514,39.1589,6,1
24.747,46.6194,4,1
21.757,39.1869,4,1
24.7276,46.6634,2,1
24.7283,46.6633,29,1
21.7444,39.1935,7,1
24.7282,46.6631,13,1
24.7518,46.628,4,1
21.553,39.166,4,1
21.4108,39.783,4,1
24.733,46.6756,10,1
24.6997,46.6418,5,1
21.6462,39.1122,18,1
24.7133,46.6608,4,1
21.6495,39.1106,6,1
24.7182,46.6577,15,1
24.7304,46.689,11,1
21.6555,39.1104,43,1
24.7407,46.6925,1,0
24.7689,46.6912,60,1
24.7415,46.6951,19,1
24.6032,46.7685,3,1
24.7557,46.6978,7,1
24.7696,46.6886,0,1
24.7695,46.6885,0,1
24.7623,46.6946,4,1
24.762,46.6943,6,1
24.7696,46.6886,0,1
24.7481,46.6787,4,1
25.3995,49.5593,1,1
24.6822,46.6983,13,1
24.7696,46.6885,0,1
24.7597,46.7193,1,1
24.7697,46.6885,0,1
24.7696,46.6887,6,1
25.3471,49.6104,4,1
24.7697,46.6888,1,1
24.6831,46.6975,8,1
21.6553,39.1246,4,1
24.7544,46.6773,19,1
21.6529,39.1257,3,1
28.4332,45.9661,0,1
24.7697,46.6885,40,1
24.6945,46.696,10,1
24.7695,46.6886,0,1
21.6532,39.1256,0,1
24.7298,46.7688,10,1
24.7541,46.6771,5,1
24.7622,46.6734,1,0
24.7776,46.7241,0,1
24.7011,46.7052,1,1
24.7074,46.7007,3,1
24.7514,46.6711,4,1
21.51,39.7876,2,1
30.9858,41.0076,1,1
24.8296,46.7473,0,1
28.4329,45.9776,1,1
28.4178,45.9823,1,1
28.4328,45.9768,3,1
28.4325,45.9754,2,1
28.4325,45.9767,7,1
21.5287,39.1725,4,1
26.3852,50.0569,1,1
21.5921,39.1966,3,1
21.6024,39.109,13,1
21.5921,39.1966,7,1
24.7519,46.7201,7,0
21.5982,39.1374,1,1
24.7468,46.723,2,1
21.6077,39.1212,2,1
24.7461,46.5815,0,1
24.747,46.7113,0,1
24.7472,46.7111,26,1
21.6047,39.1158,2,1
24.7463,46.7099,0,1
24.7465,46.7098,4,1
25.9348,49.6575,4,0
25.9288,49.6612,0,0
25.9318,49.6582,0,0
24.745,46.7063,5,1
21.6118,39.1199,1,1
21.6119,39.1197,3,1
21.6004,39.1915,0,1
21.6006,39.1913,2,1
28.4329,45.9773,3,1
24.8526,46.7356,0,1
25.347,49.5768,1,1
24.7452,46.7068,4,1
21.6004,39.1915,11,1
24.8515,46.7355,0,1
21.6155,39.1867,10,1
24.8565,46.7356,0,1
24.8514,46.7355,0,1
21.607,39.1236,1,1
25.9198,49.6628,2,1
24.8514,46.7353,0,1
28.4327,45.9767,3,1
21.6069,39.1228,2,1
21.6149,39.1395,5,1
28.4327,45.9768,6,1
24.6851,46.7067,9,1
21.3764,39.8319,4,1
24.8067,46.719,10,1
28.4324,45.9768,3,1
28.4324,45.9767,5,1
24.6886,46.714,30,1
21.6137,39.14,5,1
28.4326,45.9755,2,0
24.6808,46.707,20,1
28.4325,45.9754,3,1
28.4325,45.9755,6,1
24.6814,46.7084,2,1
28.4325,45.9752,4,1
24.6709,46.6994,7,1
28.4318,45.9746,8,1
24.671,46.6998,55,1
28.4278,45.9795,1,1
28.3864,45.9864,0,1
19.5051,41.6713,1,1
19.5055,41.6713,2,1
28.4289,45.9763,5,1
19.445,41.8264,1,0
19.4454,41.8374,1,1
21.6259,39.2136,1,1
28.422,45.9733,2,1
28.424,45.9724,2,1
21.6267,39.1353,17,1
21.6101,39.1554,70,1
21.6288,39.1338,10,1
24.8094,46.7785,12,1
21.4406,39.8449,1,1
21.6156,39.1867,3,1
28.4258,45.9737,2,1
24.8026,46.7392,3,1
24.7288,46.6631,103,1
21.6464,39.1381,5,1
21.6152,39.2122,8,1
21.6216,39.1857,1,1
21.6372,39.1418,5,1
28.4219,45.982,4,1
24.691,46.7005,14,1
21.636,39.1323,24,1
24.7251,46.6585,10,1
24.6914,46.7009,13,1
24.8198,46.7299,6,1
24.7011,46.7052,1,1
21.6178,39.1749,3,1
21.6268,39.136,5,1
25.393,49.574,1,0
24.7144,46.661,30,1
21.6144,39.1402,0,1
21.5235,39.1625,4,1
24.8187,46.7315,1,1
24.7006,46.7102,1,1
24.8209,46.741,0,1
26.5132,49.9803,1,1
24.821,46.7409,1,1
24.821,46.7416,1,1
21.6158,39.1444,3,1
25.3964,49.5608,1,0
24.8216,46.7421,1,1
21.6274,39.1543,3,0
26.3747,50.0525,1,0
21.6102,39.1555,0,1
26.4642,50.026,1,1
24.7085,46.7078,5,1
30.985,41.008,1,1
21.6274,39.1544,4,1
24.708,46.7072,11,1
24.8431,46.7625,7,1
26.4789,50.0456,4,1
21.6105,39.1558,3,1
26.483,50.0445,2,0
21.6239,39.1622,2,1
28.4053,36.5685,1,1
26.0606,43.6329,3,1
26.1435,43.6569,2,1
24.7087,46.7091,25,1
24.8092,46.7785,4,1
26.1353,43.6649,2,1
24.8117,46.7782,0,1
26.4707,50.0459,10,1
24.7084,46.7085,30,1
26.1449,43.655,3,1
26.1429,43.6526,2,1
26.4543,50.0591,0,1
26.1616,43.6583,3,1
27.5629,47.7006,5,1
20.4586,45.5889,4,1
27.565,47.7039,2,1
20.4694,45.575,1,1
20.4718,45.5704,3,1
26.494,43.6271,3,1
24.7896,46.7357,0,1
21.5609,39.1576,4,1
24.8313,46.7893,0,1
21.5576,39.1793,2,1
21.5589,39.1837,4,1
21.5587,39.1824,0,1
21.5578,39.179,4,1
21.5574,39.1807,6,1
21.537,39.1782,3,1
21.5599,39.1796,4,1
19.5206,41.0548,1,1
26.5252,50.0323,11,1
19.5205,41.0549,1,1
20.4703,44.789,0,0
26.5379,50.0248,6,1
21.5517,39.174,7,1
19.5223,41.0554,3,0
21.5523,39.174,10,0
28.4649,48.4861,0,0
20.4655,44.7826,4,1
20.4708,44.7817,4,1
26.5611,50.0364,4,1
28.4355,48.4943,5,1
28.4425,48.493,5,1
26.5658,50.0361,0,0
20.4615,44.7813,4,1
20.47,44.7838,2,1
26.565,50.0362,0,1
28.4647,48.486,3,1
26.562,50.037,7,1
26.1981,50.1943,7,1
28.4571,48.4885,2,1
26.5619,50.0376,3,1
28.4211,48.4921,1,1
28.416,48.4915,5,1
24.8173,46.7527,0,1
26.558,50.0456,1,0
24.692,46.6711,2,1
26.3602,43.9054,5,1
28.4157,48.4894,6,1
21.5608,39.1851,20,1
26.5575,50.0454,1,0
24.7488,46.6577,6,1
24.4211,39.6353,1,0
24.6838,46.6742,2,1
24.8174,46.7526,6,1
24.7043,46.7034,1,1
26.5578,50.0454,8,1
24.6835,46.6733,2,1
24.8167,46.7539,3,1
24.5528,46.1611,1,0
24.8078,46.7567,0,1
26.3284,43.9614,1,1
24.702,46.6979,4,1
24.8077,46.7563,4,1
24.8076,46.7566,5,1
24.7019,46.6979,1,1
26.5717,50.0284,0,0
24.7488,46.6634,5,1
24.7488,46.6631,9,1
26.5704,50.0661,0,0
24.803,46.7601,0,1
24.7516,46.6713,10,1
26.5577,50.0748,6,1
24.6981,46.687,30,1
24.7551,46.6795,2,1
24.7584,46.6871,3,1
24.7595,46.6931,0,1
24.7598,46.6931,1,1
27.4703,48.4956,1,1
24.7777,46.7688,0,1
24.7495,46.668,4,1
26.4876,50.0494,3,1
27.4691,48.4947,2,1
27.4696,48.4943,2,1
21.5999,39.1376,2,1
21.5674,39.1905,4,1
21.5675,39.1904,0,1
21.5658,39.1857,8,1
21.5534,39.1737,12,1
21.5689,39.1756,0,1
21.5611,39.1715,0,1
24.6765,46.7697,1,1
26.5578,50.0028,0,1
26.5579,50.0022,0,1
21.5834,39.1651,4,1
26.558,50.009,13,1
26.3354,43.9673,40,1
26.552,50.0117,0,1
26.548,50.0093,0,1
26.5507,50.0148,0,1
26.3424,43.9617,3,1
26.5474,50.0021,0,1
24.6787,46.6933,3,1
24.6792,46.7771,4,1
24.6791,46.7771,4,1
26.5645,49.9886,10,1
26.3471,43.9548,15,1
26.3473,43.9547,15,0
26.3473,43.9548,15,1
26.3465,43.9524,17,1
26.5672,50.0124,0,1
26.5671,50.0122,0,1
26.3531,43.9545,3,1
26.5542,50.015,7,1
26.5542,50.0149,18,1
26.3607,43.9521,3,1
24.6862,46.6894,15,1
26.5445,50.0208,1,1
26.3679,43.9646,5,1
26.3829,43.9748,3,1
26.5434,50.0216,0,1
24.7981,46.784,5,1
21.57,39.1698,5,1
21.5738,39.1683,5,1
21.5771,39.1671,0,1
21.5837,39.1495,1,1
24.7343,46.7697,4,1
24.8067,46.7573,0,1
24.8062,46.7566,2,1
21.6143,39.2109,4,1
21.5914,39.1442,3,1
21.5459,39.1967,5,1
26.3835,50.0555,13,1
26.4406,50.0683,2,1
24.8067,46.7573,3,0
21.5914,39.1442,5,1
21.5525,39.1835,1,1
24.8061,46.7557,0,1
24.8052,46.7537,0,1
24.6802,46.7332,11,1
24.8008,46.7427,6,1
21.4172,39.4752,4,1
24.6804,46.7332,5,1
21.554,39.1731,5,1
18.7829,42.2484,1,1
24.7622,46.6728,4,1
24.686,46.7337,2,1
21.5787,39.1666,4,1
24.7618,46.673,4,1
24.6932,46.7324,0,1
18.9589,42.1587,1,1
21.5703,39.1689,9,1
24.7618,46.673,2,1
24.7901,46.7413,2,1
24.7881,46.7597,9,1
24.6778,46.6853,11,1
24.7875,46.7585,4,1
24.6964,46.7345,25,1
24.6814,46.6868,7,1
26.2115,50.198,0,1
26.2116,50.198,0,1
21.5501,39.1771,0,1
24.7352,46.7775,36,1
26.3685,43.9316,7,1
26.2904,50.2067,7,1
24.6959,46.7345,0,1
26.2881,50.206,4,1
24.6955,46.6828,5,1
26.2896,50.1991,3,1
26.1878,50.1877,71,1
26.3793,43.9535,9,1
21.3776,39.2868,3,1
24.6911,46.6835,2,1
19.6133,41.9726,1,1
26.285,50.1962,8,1
24.6921,46.6826,6,1
26.3849,43.9548,3,1
19.1169,42.1284,3,1
24.6922,46.6826,50,0
19.1194,42.1296,2,1
26.2867,50.1979,0,1
24.6919,46.6827,70,1
26.1541,50.1481,2,1
26.2843,50.1985,25,1
24.6921,46.6827,0,1
19.1192,42.1294,3,1
24.6918,46.6828,8,1
26.1332,50.1575,4,1
21.5738,39.1623,2,1
21.5703,39.1587,5,1
21.5889,39.1435,7,1
21.5726,39.1482,4,1
21.574,39.1419,9,1
21.5728,39.1387,6,1
21.5702,39.1435,2,1
18.5257,42.0567,3,1
21.5493,39.1892,5,1
16.8943,42.5617,4,1
21.5559,39.1882,0,1
19.5607,41.9575,3,1
21.5367,39.2166,6,1
27.1287,49.5689,0,1
19.9838,42.6014,1,1
19.7494,41.9105,1,1
21.5497,39.1534,30,1
21.5377,39.1784,3,1
21.5477,39.1752,3,1
21.5278,39.2164,6,1
26.3864,43.9284,4,1
26.3863,43.9284,4,1
21.5071,39.1649,1,1
21.5797,39.1582,3,1
26.2851,50.2176,4218,1
21.5159,39.1686,11,1
24.6461,46.8099,0,1
21.5275,39.2165,6,1
26.3948,43.9347,7,1
26.291,50.2189,7,1
24.7541,46.6768,0,1
19.9809,42.6018,1,1
18.8957,41.978,2,1
26.2908,50.2192,10,1
19.9834,42.6013,1,1
24.7192,46.7676,7,1
21.5187,39.1809,20,1
24.7541,46.6772,4,1
19.9849,42.5998,1,1
21.5206,39.1811,4,1
26.2967,50.2177,5,1
24.7534,46.6775,8,1
24.8284,46.6831,3,1
21.5216,39.1807,10,1
21.5089,39.2011,10,1
24.6846,46.676,0,1
26.298,50.2167,10,1
18.9394,41.9238,1,1
24.6847,46.6759,3,1
26.3851,43.907,7,1
24.7305,46.7698,0,1
26.3586,50.2083,440,1
24.7312,46.8251,2,0
21.5593,39.1442,6,1
21.5205,39.181,11,1
21.5596,39.1356,12,0
24.7281,46.8203,5,1
24.6868,46.6855,10,1
26.2874,50.2148,5,1
20.0016,42.6045,3,1
21.4988,39.214,4,1
26.3912,43.9205,7,1
26.2874,50.2148,3,1
19.1098,41.9252,2,1
24.6868,46.6855,9,1
24.6871,46.6854,10,1
26.2875,50.2147,0,1
24.7216,46.8235,1,1
21.5205,39.1812,3,1
26.3974,43.9183,3,1
26.3974,43.9181,3,1
20.0072,42.6177,4,1
21.8652,39.0626,2,0
26.2962,50.2146,0,0
24.6868,46.6854,10,0
24.7264,46.808,2,1
26.2886,50.2132,1,1
24.6871,46.6853,0,0
26.4046,43.917,3,1
21.53,39.2477,14,0
19.9729,42.6063,6,1
19.9829,42.6027,3,1
26.2977,50.2116,0,1
24.6872,46.6853,7,1
26.4065,43.9199,3,1
24.7317,46.7908,12,1
24.6872,46.6853,9,1
18.5129,42.0656,1,1
26.2978,50.2096,2,1
19.9823,42.6029,5,1
18.5212,42.0588,1,1
18.5222,42.052,3,1
19.9822,42.603,3,1
26.3054,50.2108,3,1
18.5224,42.0521,1,1
26.2452,49.9811,10,1
18.5223,42.0522,4,1
19.9729,42.6068,3,1
18.5248,42.0533,3,1
18.5259,42.0574,2,1
18.5257,42.0575,3,0
18.5511,42.0488,3,1
21.5397,39.1912,3,0
21.5052,39.1827,24,1
21.5512,39.1772,0,0
21.5595,39.1321,0,0
21.5334,39.1938,0,1
21.5596,39.132,11,1
21.5599,39.1328,30,1
21.5593,39.1413,6,1
21.562,39.1604,5,1
24.727,46.7686,0,1
26.2812,50.2084,1,1
18.5637,43.2069,2,1
26.4288,50.1362,6,1
21.5592,39.1413,1,1
26.2949,50.2164,1,1
21.5373,39.1919,11,1
21.5314,39.1905,58,1
26.3086,50.1774,3,1
21.562,39.1609,4,1
21.5382,39.1655,1,1
24.6819,46.7792,0,0
24.7636,46.6996,3,1
21.554,39.1432,7,1
26.3061,50.1901,2,1
24.7654,46.704,22,1
21.5383,39.1657,11,1
24.6841,46.7906,18,1
21.5295,39.192,5,1
21.5293,39.1924,3,0
26.1846,50.1839,4,0
26.3037,50.2038,14,1
26.1846,50.1838,2,1
24.73,46.7691,0,1
24.73,46.7693,2,1
24.7647,46.7041,23,1
24.7307,46.7701,0,1
21.5554,39.143,7,1
24.7019,46.7711,9,1
26.1845,50.184,4,1
21.5204,39.1577,7,1
24.7294,46.7682,0,1
24.7297,46.7687,0,1
24.7627,46.6997,7,1
21.5498,39.143,4,0
26.1845,50.1841,1,1
24.6537,46.7298,5,1
21.5501,39.1427,6,1
26.3023,50.2141,1,1
26.4007,43.9246,4,1
24.7298,46.7688,5,1
24.7537,46.6991,3,1
24.7301,46.7693,3,1
24.7308,46.7701,0,1
24.7533,46.6993,16,1
24.7367,46.7801,0,1
18.1749,42.8282,1,1
18.1747,42.829,1,1
26.3081,50.2111,5,1
18.1749,42.8287,1,1
21.4849,39.1842,9,1
26.3004,50.2211,40,1
24.7506,46.6995,8,1
18.1749,42.8288,1,1
18.1748,42.8288,4,1
26.4138,43.9273,2,1
18.1746,42.8292,2,1
24.7534,46.6981,4,1
21.4265,39.2973,3,1
26.4175,43.9143,60,1
21.4259,39.2974,2,1
28.4199,36.5683,2,0
26.3018,50.2126,4,1
19.543,43.5243,3,1
26.4092,43.901,6,1
26.4409,50.0681,4,1
26.4093,43.9012,3,1
21.3317,39.2601,3,1
24.4911,46.5274,4,1
19.5435,43.5235,1,1
26.3002,50.2053,20,1
19.5428,43.5239,3,1
17.6644,43.5073,3,0
17.6647,43.5137,2,1
27.121,49.5538,4,1
27.1475,49.5667,10,1
27.0729,49.546,3,1
21.5054,39.1855,7,1
21.5044,39.1872,7,1
21.5033,39.1906,0,0
21.5259,39.1797,108,1
21.5258,39.1802,7,1
21.5576,39.1775,0,1
27.0052,49.6594,11,1
27.0164,49.6359,4,0
21.5628,39.172,3,1
21.565,39.1745,3,1
24.7909,46.7674,2,1
24.7944,46.7728,3,1
24.8001,46.7863,0,1
24.7691,46.7816,0,1
21.5101,39.1818,0,0
21.5099,39.1817,0,1
27.1375,49.5663,20,1
21.5501,39.1769,13,1
24.8016,46.7399,0,1
24.6379,46.7064,0,0
21.5519,39.1838,3,1
26.303,50.206,0,1
21.5512,39.1775,11,1
27.0752,49.5499,12,1
26.3035,50.2033,0,1
21.7844,39.0968,8,1
26.3034,50.2034,9,1
21.6566,39.1343,3,1
24.5946,46.6948,2,1
24.5872,46.7788,5,1
24.8017,46.7395,3,1
21.552,39.1807,3,1
26.3002,50.1742,4,1
24.6304,46.7082,9,1
24.5944,46.6787,9,1
26.1046,44.0117,1,1
21.552,39.1804,1,1
21.7613,39.0827,7,1
26.3024,50.1769,4,1
21.7644,39.0881,3,1
26.3023,50.1771,9,1
21.5572,39.1928,0,0
21.7677,39.1054,4,1
24.578,46.7844,5,1
26.9686,49.6392,2,1
24.578,46.7838,0,0
24.5761,46.7848,5,1
27.5241,41.6865,1,1
26.3024,50.1772,3,1
24.576,46.7849,4,1
18.3013,42.7175,1,1
26.9962,49.6446,5,1
24.7895,46.7357,0,0
26.0742,44.0086,4,1
21.5546,39.188,9,1
24.5821,46.7807,6,1
18.2876,42.7107,2,1
26.0803,43.9861,3,1
24.572,46.7701,7,1
27.0227,49.6421,1,1
21.7558,39.104,4,1
21.7568,39.1032,4,1
26.0805,43.9871,1,1
18.2943,42.7075,4,1
26.2942,50.1858,3,1
26.0872,44.0007,7,1
27.0155,49.6432,1,1
21.7087,39.1067,4,1
24.5962,46.756,1,1
26.0918,43.9957,2,1
26.2938,50.1853,3,1
18.2939,42.6972,5,1
26.0916,43.9935,6,1
26.293,50.1826,92,1
24.8077,46.7698,0,1
21.7009,39.1069,7,1
24.6681,46.7293,7,1
18.3002,42.7265,4,1
18.3,42.7265,1,0
26.0916,43.9931,3,1
18.3166,42.696,1,1
26.0923,43.9962,2,1
27.0005,49.6249,20,1
26.0949,43.997,11,1
18.3185,42.6961,60,1
26.1041,43.9983,4,1
21.5349,39.1691,3,1
26.1057,43.9985,8,1
26.2845,50.1882,5,1
18.324,42.6943,4,1
27.0052,49.6568,5,1
27.005,49.6564,8,1
27.625,38.539,2,1
27.0042,49.6578,15,1
27.6128,38.5395,2,1
21.5516,39.1895,5,0
21.5516,39.1895,3,1
21.5516,39.1895,8,1
21.5495,39.1533,0,1
21.5494,39.1533,0,1
21.5516,39.185,1,1
21.5518,39.1808,3,1
21.7046,39.1041,3,1
24.7838,46.7479,3,0
21.5431,39.1768,5,1
21.552,39.181,8,1
26.9993,49.6597,12,1
24.7813,46.7414,4,1
26.9989,49.6585,7,1
24.7821,46.7432,5,1
26.2939,50.2083,17,1
24.7832,46.7458,0,1
21.5153,39.167,6,1
21.5155,39.1671,9,1
21.5158,39.1676,6,1
24.7834,46.7463,5,1
21.6966,39.118,8,1
21.5525,39.1835,6,1
26.9854,49.6541,9,1
21.7005,39.1163,6,1
24.7835,46.7467,0,1
26.292,50.2096,1,1
21.5524,39.1836,7,1
26.981,49.6602,3,1
21.683,39.1233,3,1
24.7874,46.7582,4,1
24.784,46.7478,3,1
27.5241,41.6922,1,1
26.2916,50.2083,59,1
26.0738,44.0028,5,1
24.7854,46.7472,2,1
21.5516,39.1849,3,1
21.6845,39.1193,1,1
21.6788,39.12,1,1
24.7299,46.7691,3,1
21.5496,39.1534,11,1
21.5158,39.1675,1,0
24.8113,46.789,0,1
21.5516,39.1849,9,1
21.5522,39.1875,6,1
24.7854,46.7472,0,1
18.3177,42.6977,10,1
21.5158,39.168,9,1
26.2891,50.2073,12,1
26.9814,49.6473,7,1
21.5533,39.1867,2,1
25.8536,44.2144,3,1
18.3175,42.6982,5,1
25.8758,44.2067,2,1
18.2987,42.7294,4,1
24.7853,46.7472,5,1
18.299,42.7294,8,1
26.061,43.9871,8,1
18.301,42.7314,1,0
24.5811,46.6298,3,1
26.0633,43.9788,5,1
18.3005,42.7311,4,1
18.3015,42.7306,4,1
18.3018,42.7306,2,1
26.7065,50.0522,3,1
18.325,42.6987,4,1
18.3251,42.6986,5,1
26.6518,49.9554,4,1
25.9835,43.7387,4,1
21.5153,39.1667,3,1
21.5156,39.1676,3,1
25.0316,37.2638,7,1
18.3093,42.6998,3,1
25.996,43.7344,4,1
18.3139,42.6986,4,0
26.6403,49.9644,9,1
26.002,43.7323,4,1
25.031,37.265,7,1
18.3139,42.6988,2,1
18.3163,42.698,2,1
18.3173,42.6973,5,1
24.5651,46.6245,2,0
26.2598,36.4468,2,0
26.2599,36.4468,2,1
26.2636,36.4404,2,1
21.2732,40.4384,1,1
21.5035,39.1833,5,1
21.5454,39.1396,0,1
21.549,39.1391,0,1
25.8787,43.4814,4,1
25.8741,43.491,5,1
21.5913,39.1445,3,1
21.616,39.1846,3,1
21.265,40.4061,1,1
25.8751,43.4937,2,1
25.875,43.4927,2,1
25.8748,43.4925,2,1
21.2667,40.4098,2,1
21.2665,40.409,5,1
21.4124,39.8645,3,1
25.8741,43.492,2,1
21.5544,39.1885,6,1
21.2663,40.4086,1,1
21.266,40.4133,4,1
21.5541,39.1885,3,1
25.8569,43.4654,15,1
21.2767,40.4136,2,1
21.2887,40.4444,5,1
26.3079,50.2113,0,1
25.504,42.8536,2,1
26.3091,50.2149,0,1
26.3125,50.2166,3,1
21.5497,39.1425,0,1
21.5107,39.2024,10,1
26.3124,50.2164,0,1
21.5516,39.1895,5,1
21.5512,39.1894,3,1
21.5292,39.192,6,1
21.5,39.1809,4,1
21.4973,39.1849,1,1
21.4961,39.1837,23,1
21.4966,39.1839,11,1
26.3145,50.216,5,1
21.5371,39.2077,4,1
21.5418,39.2068,1,1
21.5491,39.2059,23,1
21.5462,39.2354,6,1
21.5166,39.1923,6,1
21.5167,39.1924,3,1
21.5166,39.1925,8,1
21.5158,39.1918,8,1
26.3179,50.2161,0,1
21.4541,40.4873,1,1
21.6311,39.162,8,1
21.3711,39.8358,4,1
21.3926,39.8716,4,1
26.3118,50.2174,3,1
26.3094,50.2197,0,1
26.3137,50.2227,0,1
26.3136,50.2224,0,1
26.3151,50.2226,0,1
24.5949,46.695,6,1
24.6008,46.6977,20,0
21.547,39.204,0,1
21.5518,39.1892,1,0
21.5518,39.1892,1,0
21.5519,39.189,6,1
21.5518,39.1893,2,0
21.5518,39.1892,0,0
21.5517,39.1891,0,1
21.5518,39.1891,0,1
21.5517,39.1893,0,1
21.5517,39.1893,0,1
21.2716,40.4022,4,1
21.271,40.4023,2,1
24.576,46.6339,2,1
21.2777,40.4082,1,1
21.5741,39.1797,4,1
24.5841,46.6277,5,1
21.2806,40.4034,3,1
24.7298,46.7691,4,1
24.7299,46.7689,0,1
21.5749,39.1796,6,1
21.3554,39.8781,7,1
26.381,50.0557,6,1
24.7304,46.7699,0,1
24.5814,46.6299,1,0
26.4487,50.0273,2,1
26.3121,50.2102,6,1
24.7294,46.768,0,1
24.7295,46.7684,0,1
26.312,50.2107,120,1
24.7316,46.7718,0,1
24.5813,46.6298,1,1
21.3558,39.883,7,1
24.7319,46.7723,0,1
21.4189,39.8546,14,1
21.5829,39.1766,8,1
24.581,46.6304,3,1
26.3144,50.2096,4,1
21.2662,40.4097,7,1
26.3147,50.2105,7,1
21.3993,39.8707,4,1
21.3976,39.8729,9,1
21.5834,39.1761,5,1
24.6321,46.5968,4,1
21.5169,40.5247,4,1
24.5731,46.6621,9,1
21.3744,39.8335,4,1
26.3871,50.1048,2,1
21.5833,39.1761,8,1
24.5948,46.6949,1,1
21.6281,40.4151,2,1
26.3481,50.1959,2,1
21.3709,39.8359,4,1
24.5747,46.6754,4,1
24.5608,46.7073,0,0
24.5495,46.6978,4,1
26.3228,50.2184,0,1
21.376,39.8742,8,1
24.5445,46.6935,4,1
18.3008,42.7313,4,1
18.3018,42.7311,1,1
18.3004,42.7312,1,0
24.5389,46.6895,3,1
21.3548,39.8907,2,1
18.2989,42.7311,3,1
26.4486,50.0426,3,1
21.4754,40.4688,1,1
18.3019,42.7307,2,1
18.2987,42.7304,2,1
18.2986,42.7311,4,1
18.2983,42.7311,5,1
18.3006,42.7314,2,1
18.2987,42.7305,4,1
24.5344,46.6962,3,1
18.3019,42.7304,5,1
18.3019,42.7312,4,1
24.534,46.6965,4,1
18.3014,42.7314,4,1
18.301,42.7313,2,1
26.2163,50.1937,2,1
18.3005,42.7314,4,1
18.3004,42.7313,2,1
24.5429,46.6948,0,0
18.3007,42.7314,4,1
18.2986,42.7301,4,1
24.5415,46.6967,1,0
26.2165,50.1924,3,1
24.5568,46.7028,5,1
26.216,50.1751,5,1
26.2277,50.1852,0,1
18.3006,42.7312,3,0
26.2454,50.2132,3,0
21.5876,39.2168,0,1
24.7304,46.7698,2,1
21.5745,39.2103,3,1
21.5724,39.2294,29,1
21.5685,39.212,6,1
24.5688,46.6351,4,1
21.4545,40.4876,5,1
26.3174,50.2234,0,1
21.4542,40.4873,5,1
26.3937,50.1046,1,1
24.7853,46.7064,0,1
21.455,40.4881,5,1
24.5653,46.6247,0,1
26.3173,50.2231,0,1
21.5848,39.2188,0,0
26.4308,50.0422,2,1
21.5649,39.2132,1,1
24.5878,46.6243,4,1
24.7748,46.71,3,1
21.5805,39.2078,4,1
26.3135,50.224,20,1
21.4553,40.4878,16,0
21.4555,40.4877,14,1
21.5777,39.2094,5,1
26.3123,50.2241,8,1
24.8108,46.8005,2,1
24.7304,46.7698,4,1
24.7819,46.7597,4,1
21.4555,40.4878,1,1
24.7694,46.7136,4,1
21.5628,39.7792,6,1
24.7304,46.7699,3,1
18.2171,42.5124,3,1
24.7296,46.7686,17,1
21.4545,40.4861,1,1
24.844,46.8054,0,1
21.4532,40.4868,1,1
24.7941,46.6345,20,1
21.4532,40.487,5,1
24.5761,46.6338,4,1
26.3079,50.2244,2,1
21.6247,39.6751,4,1
21.6425,39.7055,1,0
24.7294,46.7683,14,1
24.6693,46.5468,3,1
21.5661,39.2242,4,1
24.576,46.6338,5,1
21.5661,39.2242,6,1
24.7952,46.7774,2,1
26.3949,50.0447,3,1
21.5672,39.7663,1,0
21.4414,40.4779,4,1
24.7911,46.7673,2,1
24.6674,46.5394,2,1
24.7304,46.7698,3,1
26.304,50.2233,400,1
21.6136,39.6966,2,1
18.2529,42.5977,2,1
26.3041,50.2235,0,1
24.4773,39.6468,4,1
24.4785,39.6461,4,1
21.5594,39.2133,14,1
24.5617,46.6428,4,1
21.5114,39.7626,1,1
18.2641,42.5925,2,1
21.4362,40.488,1,1
24.5615,46.6425,3,1
21.5595,39.2132,5,1
24.7294,46.7684,4,1
21.4366,40.4905,4,1
18.2256,42.5594,1,1
21.4361,40.4879,1,1
24.7283,46.7664,5,1
18.2244,42.56,10,0
26.2801,50.2014,2,1
21.4369,40.4937,7,1
24.5441,46.6546,3,1
24.6425,46.7936,0,0
24.685,46.7478,40,1
21.4363,40.4925,3,1
26.3685,50.0594,2,1
18.2248,42.5598,2,1
24.5468,46.6482,3,1
21.4289,40.483,3,1
21.5512,39.1893,4,1
18.2079,42.5195,3,1
21.4281,40.4828,4,1
24.7294,46.768,7,1
26.2803,50.2031,7,1
21.4275,40.4866,3,1
18.2235,42.489,1,0
21.5114,39.183,4,1
26.2782,50.2087,20,1
18.2242,42.4885,98,1
26.2697,50.213,0,1
24.5467,46.6496,4,1
18.2207,42.518,6,1
23.4927,40.8924,4,1
18.222,42.5097,3,1
26.3861,50.1221,6,1
26.5957,37.9347,100,0
26.5949,37.935,40,0
26.5954,37.9343,37,0
23.4927,40.8923,5,1
21.566,39.2247,3,1
26.3819,50.0985,5,1
21.5661,39.2242,5,1
21.2662,40.4084,5,1
26.3062,50.18,2,1
21.564,39.2129,17,1
21.5703,39.213,5,1
26.3309,50.1396,2,0
26.3024,50.1781,1,0
21.5647,39.2131,7,1
21.5648,39.2131,3,1
21.2701,40.4196,2,1
26.318,50.1446,180,1
26.3061,50.18,0,1
21.2663,40.4187,9,1
21.5584,39.2137,3,1
21.5589,39.2137,7,1
21.2429,40.4526,0,1
26.3006,50.1836,0,0
21.5593,39.2135,18,1
26.3004,50.1814,5,1
21.7847,39.0966,10,1
21.5582,39.2137,2,1
21.2546,40.4105,1,1
29.8064,39.8653,0,0
26.295,50.1852,0,1
26.2947,50.1852,10,1
24.6665,46.5356,4,1
26.3449,50.1791,226,1
26.3456,50.1794,226,1
29.8065,39.8655,0,0
21.2533,40.41,1,1
21.5577,39.213,3,1
26.3005,50.1719,0,1
26.3005,50.1721,0,1
26.3005,50.172,2,1
26.3004,50.1719,4,1
26.3126,50.1773,305,1
24.807,46.8682,0,1
21.3184,39.709,3,1
21.2439,40.412,2,1
26.2957,50.1692,42,1
24.8077,46.8694,0,0
21.2441,40.4125,8,1
24.6491,46.5561,2,1
24.6597,46.5184,3,1
26.294,50.1733,3,1
24.8071,46.869,4,1
21.4017,39.7839,2,0
24.807,46.8699,4,1
26.3436,50.1482,2,1
24.8072,46.87,1,1
24.595,46.6948,2,1
26.2857,50.1925,4,1
24.8062,46.8696,6,1
18.2384,42.5257,5,1
24.5865,46.5973,3,1
26.3396,50.1859,49,1
24.8063,46.8694,3,1
21.2299,40.3793,9,1
26.2865,50.1906,7,1
24.8062,46.869,3,1
24.627,46.5573,2,1
24.8064,46.8692,5,1
29.8066,39.866,3,1
26.5952,37.9345,4,1
24.668,46.5394,2,1
18.2101,42.4944,4,1
18.2129,42.5018,4,1
24.6233,46.5498,4,1
26.2839,50.1995,0,1
26.2844,50.1994,10,1
26.2837,50.2013,0,1
18.2188,42.516,8,1
26.2812,50.2085,2,1
26.2805,50.2124,2,1
26.6057,37.9254,4,1
29.8067,39.8666,1,1
26.3024,50.2135,17,1
26.3021,50.2143,5,1
26.3021,50.2107,6,1
26.3014,50.2097,7,1
26.3014,50.2099,7,0
26.606,37.9249,4,1
18.2164,42.5019,4,1
21.3392,39.685,3,1
21.4566,39.7642,8,1
18.2158,42.5025,3,1
21.451,39.762,1,1
21.4508,39.762,5,1
24.6382,46.5595,4,1
21.3394,39.6859,5,1
24.6444,46.5488,3,1
18.2212,42.5,1,0
18.2163,42.4989,1,1
24.6443,46.5487,4,1
24.6555,46.5941,2,1
29.8054,39.8678,5,1
18.2162,42.5105,1,1
18.2201,42.5068,11,1
24.6533,46.7406,1,1
18.2226,42.5074,3,1
18.2227,42.5074,2,1
24.6475,46.553,23,1
18.2227,42.5073,2,0
18.2227,42.5073,3,1
18.2223,42.5075,2,1
18.2222,42.5075,5,1
18.2218,42.5076,3,1
18.2198,42.5057,4,1
18.2199,42.5056,4,1
24.6848,46.768,2,0
21.5778,39.1671,1,0
29.9634,40.2023,2,0
24.6861,46.5832,11,1
24.6884,46.5816,4,1
24.6879,46.5863,9,1
21.4407,39.8448,1,0
29.963,40.1994,1,1
29.963,40.1993,2,1
29.963,40.199,1,1
29.963,40.1988,1,1
24.7637,46.7466,2,1
21.2663,40.4075,2,1
21.2663,40.4074,1,1
18.2161,42.5105,1,1
18.2199,42.5049,9,1
21.2676,40.4107,3,1
18.2199,42.5049,1,0
29.974,40.216,1,0
21.2659,40.4102,1,1
18.2198,42.5049,2,1
21.5542,39.1887,4,1
18.2163,42.4987,4,1
21.2793,40.4236,6,1
18.2165,42.4989,2,1
24.6442,46.5486,2,1
21.5273,39.7721,1,0
18.2166,42.5112,3,1
21.2911,40.4318,5,1
24.6444,46.549,3,1
21.5252,39.7779,4,1
18.2135,42.4999,4,0
21.5543,39.1887,7,1
24.6532,46.5938,2,1
21.3038,40.4306,1,1
29.9556,40.2096,2,1
24.6673,46.537,4,1
24.6395,46.5396,2,1
26.3616,50.1941,4,1
24.6674,46.5371,3,1
21.5607,39.1569,10,1
21.4625,39.8347,1,0
24.6698,46.5469,5,1
24.6544,46.5708,2,1
26.3875,50.1783,27,1
24.7147,46.7744,4,1
24.6287,46.5269,5,1
26.4073,50.1877,8,1
21.5624,39.1617,9,1
24.0848,38.061,1,0
24.6288,46.5276,3,1
24.6335,46.5436,5,1
26.4074,50.138,15,1
21.2678,40.4079,1,1
21.5635,39.1653,4,1
21.5633,39.1654,37,1
24.6704,46.5488,4,1
29.9632,40.1978,2,1
24.7447,46.8316,0,1
24.0828,38.0888,9,1
24.08,38.0906,4,1
21.3554,39.7898,6,1
24.671,46.5507,7,1
21.2667,40.4077,2,1
24.763,46.7454,5,1
24.6711,46.5507,5,1
21.4407,39.7834,5,1
21.2665,40.4081,2,1
24.069,38.1193,18,1
21.395,39.7042,6,1
24.6248,46.5525,2,1
21.4398,39.8349,2,1
21.4022,39.7874,3,1
21.3983,39.7891,5,1
24.6717,46.5524,3,1
21.7569,39.1869,3,1
21.4133,39.7851,3,1
21.7571,39.1869,0,1
21.4088,39.7835,6,1
21.4101,39.7705,5,1
24.5611,46.6423,4,1
24.7638,46.7467,0,1
21.4625,39.9674,30,0
21.4689,39.9181,4,1
21.4695,39.9388,3,1
21.2666,40.4097,2,1
18.2173,42.5126,2,1
26.3916,50.1505,231,1
24.6721,46.5533,7,1
24.5521,46.5915,2,0
21.2667,40.4077,6,1
24.6633,46.7423,7,1
18.217,42.512,4,1
29.9565,40.2068,2,1
18.2178,42.5119,2,1
18.2177,42.5108,5,1
24.6721,46.5536,4,1
21.2664,40.4084,3,1
24.6295,46.554,3,1
18.2181,42.5131,16,1
29.9392,40.1932,2,1
21.5614,39.1608,6,1
21.2664,40.4086,2,0
18.2178,42.5135,7,1
24.5523,46.625,4,1
24.6631,46.746,59,1
29.9568,40.1924,5,1
24.0043,38.201,17,1
21.5602,39.1563,4,1
21.2664,40.4091,13,1
18.2137,42.5002,97,1
24.63,46.5624,3,1
18.2137,42.5,7,1
29.9641,40.1964,2,0
24.0026,38.2013,26,1
21.4184,39.7726,2,1
24.0027,38.2014,44,1
21.4359,39.7581,4,1
24.6576,46.7356,20,1
18.2173,42.4915,3,1
21.4521,39.7617,3,1
21.4698,39.8432,2,1
21.4453,39.8471,2,1
26.4468,50.1107,27,1
21.2667,40.4095,4,1
21.3988,39.7956,9,1
21.3817,39.7841,4,1
24.6281,46.5665,4,1
29.963,40.198,2,1
21.3716,39.7745,3,1
26.4014,50.0499,8,1
21.5479,39.1623,3,1
21.5779,39.1669,1,0
21.5938,39.1607,4,1
26.3717,43.9383,4,1
26.4461,50.1143,1,0
26.3866,43.9276,6,1
26.3866,43.9276,4,1
24.6977,46.7713,1,1
26.4393,50.1178,11,1
21.6131,39.1546,4,1
26.4401,50.1178,28,1
26.369,43.9305,5,1
21.2352,40.4679,1,1
24.6974,46.7717,7,1
21.6461,39.1122,5,1
29.963,40.199,3,1
24.7533,46.7432,34,1
26.3694,43.9304,3,1
24.6935,46.7688,27,1
26.3693,43.9305,0,1
26.2852,50.196,1,0
21.2731,40.4383,1,1
26.2847,50.1959,13,1
26.4463,50.112,57,1
24.6925,46.5943,7,0
21.2835,40.4399,1,1
21.5835,39.165,4,1
29.9633,40.2024,2,1
29.9633,40.2026,2,0
26.2851,50.1965,16,1
21.2836,40.441,2,0
26.2854,50.1964,15,1
21.5785,39.1667,3,1
26.2853,50.1964,39,1
29.9629,40.1979,4,1
26.2853,50.1963,10,1
24.6866,46.747,1,1
21.5782,39.1667,7,1
26.2848,50.1969,0,0
29.963,40.1982,5,1
26.2846,50.197,6,1
26.2848,50.1974,0,1
24.7422,46.7791,0,1
21.2804,40.4413,8,1
21.5708,39.1691,4,1
24.7393,46.7797,5,1
24.6857,46.7459,37,1
24.6922,46.6049,1,1
29.963,40.1982,9,1
26.3695,43.9305,3,1
21.5697,39.1694,6,1
21.5699,39.1694,4,1
24.6856,46.746,5,1
17.1486,42.6382,1,1
21.2807,40.4448,2,1
24.6846,46.7441,4,1
26.369,43.9322,8,1
21.2807,40.4447,2,1
29.963,40.1994,5,1
26.4333,50.1252,12,1
26.3691,43.9324,5,1
21.4357,39.8554,3,1
29.9631,40.2003,3,1
24.6894,46.7595,3,1
21.3036,40.4305,0,1
29.9632,40.2002,3,1
29.9631,40.2005,3,1
26.4462,50.1184,1,1
24.7422,46.8038,15,1
29.9633,40.2005,3,1
26.4407,50.1231,10,1
29.9634,40.2027,3,1
21.5618,39.1722,4,1
21.5617,39.1724,3,1
21.551,39.1552,6,0
21.5509,39.1555,8,1
21.3957,39.7898,9,1
21.5737,39.1384,15,1
21.389,39.7892,4,1
21.3834,39.7873,1,1
21.3762,39.7941,8,1
21.376,39.795,8,1
21.3762,39.7941,8,1
21.3762,39.7945,4,1
21.376,39.794,1,1
24.7874,46.758,3,1
24.8154,46.7779,4,1
26.3022,50.177,6,1
21.4398,39.7855,3,1
21.5547,39.1684,6,1
21.3817,39.773,4,1
21.3729,39.7757,4,1
21.3818,39.7841,3,1
21.5508,39.1601,13,1
26.4417,50.1225,4,1
21.4719,39.9184,3,1
24.8435,46.8059,0,1
30.979,41.0219,0,1
31.3534,37.3232,0,1
31.3233,37.3405,0,1
31.3427,37.3657,0,1
26.4416,50.1222,8,1
31.3354,37.3362,0,1
31.3356,37.3361,0,1
26.4416,50.1218,2,1
28.4072,36.5488,2,1
28.3874,36.5688,0,0
31.3525,37.3249,3,1
26.4415,50.1222,6,1
31.6642,38.6778,3,0
28.409,36.5658,2,1
30.3577,42.2366,1,1
30.3637,42.2392,5,1
24.843,46.7924,3,1
26.4396,50.1254,14,1
30.9777,41.0211,0,1
30.9782,41.0213,1,1
26.4383,50.128,2,1
30.9784,41.0218,2,1
28.4161,36.566,4,1
28.416,36.5659,3,1
30.9765,41.0116,2,1
21.4746,39.9402,5,0
28.4218,36.5856,5,1
28.4108,36.5673,3,1
21.5827,39.1767,5,1
30.9693,41.0155,1,1
28.3948,36.5655,0,0
21.5991,39.1222,5,1
26.4395,50.1254,14,1
21.5541,39.1888,5,1
28.4083,36.5655,3,1
21.5543,39.1886,3,0
21.5544,39.1887,3,1
21.5594,39.2133,4,1
24.8427,46.7924,4,1
21.5512,39.1776,3,1
21.5526,39.1836,23,1
28.4108,36.5673,5,1
28.4107,36.5675,2,1
28.4083,36.5656,2,0
26.4362,50.1256,8,1
28.4083,36.5655,3,1
28.4084,36.5653,4,0
28.4082,36.5655,2,1
21.4037,39.6996,20,1
28.4088,36.5657,3,1
28.4061,36.5658,3,1
21.5522,39.1836,5,1
21.5505,39.1766,10,1
28.4111,36.5678,4,1
21.5524,39.1838,5,1
21.5522,39.1838,2,1
24.8337,46.8106,2,1
21.5838,39.176,3,1
21.5852,39.1779,4,1
24.8339,46.8102,5,1
24.4628,39.6654,5,1
21.5549,39.1884,9,1
26.4374,50.1236,17,1
21.5459,39.1961,4,1
24.8448,46.8053,4,1
25.3264,49.5585,1,0
28.4095,36.5667,3,1
28.4092,36.5665,4,1
28.3947,36.5657,2,0
26.4362,50.1255,13,0
28.3968,36.5581,2,0
26.4364,50.1251,11,1
28.4082,36.5654,3,1
24.4633,39.5847,1,1
25.3467,49.6236,2,1
21.5457,39.1966,9,1
21.5458,39.1963,3,1
28.4086,36.557,3,1
28.4052,36.5661,0,1
28.4047,36.568,4,1
28.4082,36.5656,4,1
28.3994,36.5762,2,1
28.4074,36.5561,4,1
28.4068,36.5636,2,1
17.1482,42.6361,3,1
28.4016,36.5728,3,1
28.396,36.581,3,1
26.4343,50.1288,11,1
28.4323,36.519,0,1
28.4251,36.5131,4,1
28.4086,36.5609,3,1
28.4182,36.5252,3,1
28.3814,36.5785,3,1
28.3518,36.5313,0,1
29.6294,43.5129,4,0
29.6325,43.5513,3,1
29.6319,43.5218,3,1
30.3585,42.2355,5,1
30.9895,41.0249,1,1
30.9857,41.0076,1,0
30.9792,41.0218,2,1
30.978,41.0212,2,1
30.9828,41.0244,5,1
24.7982,46.7841,3,1
24.7286,46.7659,2,1
24.7855,46.7472,4,1
24.7976,46.7827,0,1
24.73,46.7691,4,1
31.3364,37.3352,0,1
29.2855,34.943,2,1
29.2897,34.937,2,1
29.2832,34.9396,0,1
21.5097,39.1721,2,1
25.3128,49.6017,0,0
27.3524,35.6894,0,0
21.509,39.1732,12,1
26.3673,50.1861,97,1
26.3449,50.1793,233,1
21.5486,39.1603,3,1
21.4597,39.9755,30,1
24.4752,39.6315,13,1
21.5095,39.1765,0,1
24.4748,39.637,1,0
24.7682,46.7823,4,1
24.4771,39.6462,8,1
21.472,39.9182,3,1
24.7694,46.7813,3,0
21.5096,39.1719,5,1
26.3774,50.1724,2,1
21.469,39.9182,8,1
24.7683,46.7573,0,1
24.4891,39.635,2,1
21.476,39.9236,3,1
24.7701,46.7567,30,1
25.4203,49.7078,0,0
24.771,46.7661,10,1
24.7845,46.771,5,1
25.3665,49.7239,2,1
17.7822,41.9399,2,1
21.4835,39.9496,3,1
24.4738,39.5814,18,1
24.7821,46.7716,4,1
24.4738,39.5813,6,1
17.7267,42.0301,1,0
21.4747,39.9402,5,1
25.4005,49.5823,0,1
24.7812,46.7832,21,1
26.4058,50.1135,1,1
24.7853,46.7905,2,1
25.3755,49.5641,8,1
29.285,34.9439,2,1
24.4738,39.5816,1,0
29.2853,34.9429,2,1
26.4246,50.0959,8,1
17.3717,42.5256,4,1
24.4754,39.5815,2,1
17.3682,42.5383,2,1
17.38,42.5371,2,1
26.3792,50.0592,9,1
26.3791,50.0591,9,1
26.379,50.0592,9,1
21.5509,39.1895,1,1
21.5515,39.1891,4,1
21.5514,39.1894,3,1
21.5516,39.1891,5,1
21.5515,39.1893,1,1
21.5513,39.1894,3,1
21.5513,39.1894,10,1
21.5467,39.1904,5,1
25.3634,49.5661,0,1
25.3633,49.5658,2,1
21.513,39.1692,14,1
21.5141,39.1676,6,1
17.6346,44.4657,0,1
17.5683,44.2302,4,1
17.5682,44.2303,4,1
26.3768,50.1844,18,1
25.3514,49.6197,3,0
26.3784,50.1787,3,1
21.511,39.1659,1,0
21.5108,39.1667,1,0
21.3557,39.8898,2,1
26.3788,50.1707,1070,1
21.3517,39.9071,3,1
21.3567,39.9106,4,1
24.4892,39.5895,1,1
26.4923,50.1297,5,1
31.3357,37.3362,3,1
24.7096,46.6901,4,1
31.336,37.3364,5,1
31.3359,37.3362,3,1
24.7078,46.6874,7,1
26.4664,50.1234,3,1
21.5146,39.1644,5,1
21.3611,39.8865,17,1
31.3356,37.3362,5,1
31.3362,37.3358,2,1
21.3623,39.8768,2,1
21.5145,39.1599,1,1
31.3365,37.3363,4,1
24.7083,46.6883,60,1
24.7082,46.6876,6,1
25.3644,49.5793,2,1
26.4528,50.1269,40,1
17.551,44.2248,0,1
24.4814,39.5968,2,1
24.708,46.6877,3,1
26.4555,50.1265,4,1
28.4183,36.5254,3,1
24.7081,46.6875,2,1
16.8919,42.5642,2,1
26.4655,50.1174,1,1
21.3993,39.8707,4,1
24.7081,46.6875,30,1
28.425,36.5136,4,1
25.347,49.6101,2,1
28.4251,36.5137,1,1
26.4567,50.1152,4,1
24.4811,39.5945,9,1
21.3955,39.8741,6,1
28.4105,36.5674,1,1
21.4,39.868,8,1
26.4465,50.1164,5,1
21.3974,39.8731,9,1
25.3598,49.5905,3,1
28.4084,36.5652,1,1
16.9456,42.5591,4,1
24.7045,46.6841,9,1
24.462,39.5939,12,1
21.4007,39.8795,2,1
26.4541,50.1146,9,1
26.4542,50.1143,35,1
26.4544,50.113,35,1
31.6515,38.6903,6,1
25.399,49.5972,2,1
26.4535,50.114,12,1
25.383,49.5916,3,1
31.6743,38.6536,5,1
25.3821,49.591,3,1
28.4182,36.5254,3,1
31.6775,38.6677,5,1
27.4932,41.705,0,1
27.5211,41.6958,2,1
26.4542,50.0608,16,1
21.364,39.8843,4,1
21.3966,39.8743,3,1
21.3953,39.8765,3,0
26.4582,50.0494,1,0
26.4634,50.0625,6,1
26.4628,50.0647,7,1
21.5111,39.1829,2,1
26.4631,50.0634,14,1
17.4859,47.1156,3,1
17.4912,47.1108,4,1
17.4825,47.1154,2,1
17.4818,47.1156,3,1
21.5092,39.1735,6,1
26.4528,50.0707,6,1
21.5088,39.1725,7,1
21.4184,39.862,4,1
26.4515,50.0778,6,1
24.7567,46.7602,7,1
26.4504,50.1,31,1
24.7515,46.7597,2,1
21.4137,39.8643,2,1
21.4137,39.8642,3,1
21.411,39.8669,6,1
21.411,39.8669,3,1
21.4082,39.8721,5,1
24.7636,46.8017,5,1
26.4586,50.0852,5,1
26.4585,50.0838,94,1
24.7585,46.8131,3,1
21.4123,39.8645,9,1
24.4908,39.5766,12,1
16.912,42.5479,3,1
26.4587,50.0837,7,1
24.7581,46.8136,8,1
21.4397,39.802,3,1
26.4424,50.0757,22,1
26.444,50.0681,1,1
24.4827,39.5858,4,1
24.4826,39.5856,7,1
21.4255,39.7886,2,1
21.4347,39.7906,7,1
16.9005,42.5578,0,1
16.9004,42.5576,5,1
26.4411,50.0757,8,1
24.7559,46.7906,4,1
21.4336,39.7899,9,1
16.8996,42.5581,4,1
24.7635,46.8007,4,1
26.4419,50.0711,2,1
21.4352,39.7892,15,1
16.8966,42.5604,0,1
16.8962,42.5603,5,1
24.4569,39.5887,3,1
24.4785,39.6461,6,1
24.4633,39.5849,3,1
24.4411,39.6626,3,1
26.4421,50.0714,6,1
24.4629,39.6654,5,1
16.8965,42.5604,5,1
25.3968,49.5609,3,1
24.4787,39.6518,5,1
24.4789,39.6517,4,1
24.4845,39.6511,7,1
26.4424,50.0757,22,1
24.4831,39.6485,4,1
24.4773,39.6468,19,1
24.4774,39.6472,3,1
24.4774,39.6462,3,1
16.8821,42.5806,3,1
27.5239,41.6846,3,1
27.524,41.6956,2,1
27.5239,41.6954,3,1
20.0124,41.4816,1,1
27.5241,41.6941,5,0
20.0137,41.4815,2,0
17.529,44.201,0,1
16.8945,42.5617,5,1
16.8804,42.5715,0,1
16.8972,42.5599,1,1
16.8953,42.5812,0,1
18.5253,44.2073,0,1
17.4551,44.1046,0,1
20.0119,41.4642,1,1
21.5078,39.1755,1,1
25.439,49.5984,1,1
16.9689,42.8309,4,1
20.0118,41.464,3,1
19.862,41.562,5,1
21.508,39.1725,1,1
17.1135,42.7679,2,1
25.4077,49.5755,4,1
20.0343,41.4844,2,1
20.2604,41.6542,1,1
20.2702,41.6531,1,0
24.7637,46.7601,6,1
21.4407,39.8455,7,1
21.3738,39.8792,5,1
21.3652,39.874,4,1
21.3848,39.8736,3,1
21.3623,39.8911,4,1
21.3662,39.8282,4,1
21.3617,39.8849,3,1
21.503,39.1826,10,1
21.4352,39.8477,3,1
21.4406,39.8448,4,1
21.4407,39.8449,3,1
21.3618,39.8856,3,1
21.376,39.8743,8,1
17.5734,44.2326,0,1
24.7782,46.7918,4,1
21.5077,39.1756,7,1
24.4314,39.6571,5,1
24.4315,39.657,2,1
20.2369,41.6333,3,1
19.7865,41.4384,2,1
26.4124,50.1708,8,1
19.786,41.4383,1,1
26.4123,50.1708,8,1
24.782,46.7989,0,1
21.3764,39.7878,3,1
21.503,39.1834,3,1
25.3812,49.5849,1,1
26.4219,50.1127,13,1
21.3761,39.7943,5,1
25.3877,49.5772,19,1
21.3761,39.7944,4,1
26.4294,50.1033,3,1
21.3762,39.794,3,0
21.3762,39.794,2,1
26.4339,50.1177,9,1
24.7801,46.8103,30,0
17.105,42.759,1,1
25.3922,49.5907,6,1
21.3756,39.7868,12,1
26.4317,50.1158,7,1
21.3658,39.7914,5,1
21.3658,39.7914,27,1
24.4561,39.5953,12,1
26.4306,50.1165,21,1
25.3934,49.6028,1,1
25.3935,49.6067,3,1
26.4294,50.1168,70,1
21.3657,39.7934,11,1
16.6027,42.9374,3,1
24.4506,39.5927,12,1
16.5995,42.939,3,1
25.3744,49.6056,7,1
16.6026,42.9371,2,1
24.4079,39.6044,7,1
20.0124,41.4808,4,1
20.0081,41.4745,10,1
19.8846,41.5681,1,1
19.8729,41.5731,1,1
20.2368,41.6331,3,1
20.1693,41.3814,1,1
16.8803,42.5711,90,1
17.8475,44.0223,0,1
17.851,44.0261,4,1
21.3537,39.7878,4,1
21.3538,39.7877,70,1
21.3661,39.8242,7,1
21.3662,39.8283,2,1
24.4893,39.5896,10,1
21.3661,39.8283,3,1
24.4889,39.5894,17,1
21.3669,39.8334,8,1
24.4203,39.6175,5,1
24.4002,39.6329,12,1
21.369,39.8374,5,1
24.4078,39.6045,0,1
24.4264,39.5954,0,1
24.4904,39.595,3,1
24.4872,39.5893,32,1
21.3706,39.8365,6,1
24.4541,39.5903,3,1
24.4546,39.5903,3,1
26.3477,50.1019,5,1
17.5209,44.1941,0,1
17.5201,44.1928,2,1
17.5346,44.2126,0,0
17.5501,44.2246,0,1
17.552,44.2236,5,1
17.5682,44.2302,4,1
17.5723,44.2271,0,1
17.5724,44.2319,0,1
17.5731,44.2322,4,1
17.5743,44.2326,3,1
17.5745,44.2328,3,1
17.5746,44.2329,4,1
17.5758,44.2334,3,1
19.7842,41.4342,5,1
21.4349,39.7903,4,1
21.4514,39.8083,4,1
21.3963,39.7993,3,1
21.4091,39.7829,3,1
21.4406,39.8448,3,1
21.4406,39.8448,4,1
21.3983,39.789,3,1
21.4406,39.8448,3,1
21.4088,39.7835,4,1
21.4089,39.7835,4,1
21.4106,39.7829,4,1
21.4086,39.7835,4,1
21.4108,39.7831,4,1
21.4089,39.7834,4,1
21.4346,39.7908,5,1
21.4405,39.845,3,1
21.4087,39.7835,3,1
21.4405,39.8448,3,1
21.4109,39.783,6,1
21.3983,39.7891,4,1
21.4132,39.7898,4,1
21.4364,39.7945,7,1
21.3795,39.801,4,1
26.4133,50.0968,2,1
21.6253,39.2108,11,1
21.4067,39.7876,4,1
26.3359,50.1931,5,1
26.3347,50.1971,110,1
21.4062,39.7882,5,1
21.6237,39.2082,5,1
25.4394,49.5705,3,1
25.4369,49.5844,4,1
21.6001,39.1917,7,1
21.6004,39.1916,19,1
24.7477,46.759,120,1
26.407,50.113,1,1
26.407,50.113,61,1
24.7465,46.7588,20,1
25.4366,49.5926,4,1
24.735,46.7633,3,1
24.7351,46.7591,3,1
24.4575,39.6671,5,1
26.3119,50.2174,46,1
25.4261,49.5741,20,1
26.3803,50.123,5,1
25.4209,49.5746,5,1
25.4141,49.5767,5,1
26.3181,50.2167,30,1
24.7295,46.7685,5,1
26.3763,50.1241,5,1
24.4833,39.6426,4,1
24.4831,39.6426,6,1
24.4829,39.6428,3,1
25.4023,49.579,8,1
24.7327,46.7736,5,1
24.7325,46.7731,3,1
25.4021,49.5795,5,1
26.4031,50.1399,9,1
26.3194,50.2157,6,1
25.4004,49.582,4,1
26.3195,50.2154,29,1
25.4003,49.5822,4,1
25.4004,49.5818,5,1
24.489,39.6353,25,1
17.1499,42.6387,3,1
26.3332,50.2122,21,1
17.1488,42.6382,1,1
26.333,50.2122,33,1
26.3634,50.0737,3,1
25.3935,49.5747,4,1
16.9804,42.8273,2,1
26.3331,50.212,20,1
26.3679,50.0927,2,1
17.1499,42.6389,2,1
17.151,42.6404,6,1
24.529,39.5955,7,1
26.3686,50.0919,12,1
26.3338,50.1817,70,1
26.3376,50.2027,21,1
17.3733,42.5463,2,1
26.4239,50.1175,11,1
21.625,39.1359,94,1
25.3814,49.5855,5,1
26.4233,50.1177,6,1
24.4791,39.6516,8,1
24.4792,39.6545,9,1
26.4231,50.1141,10,0
24.4681,39.6644,2,1
24.7426,46.7657,5,1
24.7385,46.7607,60,1
24.4625,39.6576,17,1
24.4625,39.6576,9,1
26.4112,50.1084,7,1
26.414,50.0963,4,1
25.3917,49.5823,3,1
26.3942,50.079,6,1
21.6138,39.1398,3,1
21.6138,39.1398,6,1
25.3914,49.5779,7,1
26.3334,50.1843,10,0
26.4075,50.0728,7,1
26.3333,50.1844,4,1
26.3333,50.1837,12,1
26.4044,50.0548,5,1
25.3897,49.5911,2,1
24.7237,46.7595,25,1
26.4047,50.0546,3,1
26.335,50.1893,4,1
24.718,46.7606,3,1
25.3838,49.5927,7,1
25.3839,49.5928,6,1
26.3349,50.1893,10,1
24.7286,46.7675,21,1
26.3991,50.0419,12,1
16.8925,42.5631,6,1
24.7236,46.768,6,1
24.7272,46.7685,2,1
25.3886,49.5937,5,1
17.5667,44.3308,3,1
26.3526,50.2002,3,0
17.565,44.3199,7,1
16.8916,42.5631,2,1
26.3955,50.0413,2,1
16.8992,42.553,4,1
25.3907,49.5961,12,1
26.3654,50.0285,3,1
16.8804,42.5714,3,1
17.8467,44.0206,2,1
17.5497,44.2202,2,1
17.5209,44.1939,7,1
21.6276,39.1358,11,1
21.6046,39.1416,3,1
21.5836,39.1496,2,1
21.5886,39.1441,3,1
21.5911,39.1443,3,1
21.5911,39.1442,7,1
21.5909,39.1443,6,1
21.591,39.1446,13,1
26.3987,50.044,5,1
26.3989,50.0441,6,1
26.399,50.0445,3,1
26.3991,50.044,3,1
26.4151,50.0403,7,1
26.4225,50.03,3,1
24.4484,39.6574,10,1
26.424,50.0447,2,1
26.4248,50.043,60,1
26.4261,50.0234,5,1
20.0074,41.4757,7,1
19.8664,41.5682,0,1
21.5514,39.1891,1,1
26.4258,50.0233,2,1
27.4538,41.6464,17,1
25.3857,49.5943,3,1
25.391,49.589,8,1
26.1532,50.153,7,1
26.3523,50.2,3,1
24.7271,46.7692,2,1
26.425,50.0239,3,1
24.727,46.7692,4,1
24.4323,39.6331,55,1
20.1656,41.2803,2,1
26.3525,50.2,13,1
26.4174,50.0166,7,1
25.3929,49.5863,5,1
26.3526,50.2002,7,1
26.3975,50.0407,7,1
24.7285,46.7674,5,1
26.3529,50.2011,9,1
25.3594,49.5799,5,1
25.3593,49.5799,6,1
25.3516,49.6213,5,1
24.7288,46.7668,3,1
16.9639,42.8328,4,1
26.353,50.2015,4,1
26.3955,50.0413,4,1
24.7295,46.7683,4,1
16.7064,42.9625,3,1
16.6994,42.9563,6,1
26.1531,50.1538,7,1
26.3659,50.2071,682,1
26.3659,50.2075,682,1
26.366,50.2069,682,1
21.591,39.1444,1,1
24.452,39.5823,3,1
24.4521,39.5825,3,1
26.3657,50.2069,682,1
25.332,49.6143,2,1
24.461,39.5361,6,1
26.3666,50.2064,682,1
16.6349,42.9072,5,1
25.3313,49.6144,21,1
24.4716,39.5515,1,1
24.4649,39.5466,5,1
24.4573,39.5282,2,1
16.6024,42.9369,2,1
27.5125,41.6998,3,1
21.7768,39.2146,3,1
21.7964,39.1935,10,1
21.7898,39.202,4,1
26.3845,50.0537,2,1
26.4046,50.0628,7,1
26.4048,50.0625,25,1
26.4052,50.0625,4,1
26.1531,50.1538,2,1
26.3977,50.0458,5,1
26.3844,50.0535,4,1
26.3844,50.0535,5,1
26.3791,50.059,1,1
26.1906,50.1876,7,1
16.9804,42.8634,4,1
16.9639,42.8333,3,1
16.9801,42.83,4,1
16.9635,42.8343,3,1
25.4029,49.56,3,1
24.4545,39.627,12,1
25.3942,49.5598,6,1
25.3945,49.56,4,1
25.399,49.5595,2,0
24.4463,39.6207,1,1
24.728,46.7654,6,1
24.4459,39.6232,17,1
24.4454,39.6234,4,1
24.7284,46.7665,6,1
17.1533,42.6426,4,1
17.1536,42.6418,2,1
17.1534,42.6423,4,1
25.3118,49.5565,3,1
24.4457,39.6233,3,1
24.7293,46.7681,1,1
24.7294,46.7684,3,1
24.4451,39.624,8,1
25.3166,49.5547,4,1
17.3762,42.5302,6,1
25.3266,49.5592,3,1
24.7294,46.7679,3,1
24.7293,46.7682,4,1
16.8959,42.5603,4,1
16.8938,42.5621,3,1
16.8647,42.5808,2,1
16.9006,42.5542,4,1
16.8804,42.571,90,1
24.4919,39.5905,1,1
19.865,41.5669,9,1
21.5516,39.1891,7,1
24.4919,39.5905,1,1
19.933,41.2612,2,1
25.3996,49.5599,1,0
21.5516,39.1889,5,1
20.0186,41.4675,2,1
20.0121,41.4614,3,1
25.3997,49.5608,7,1
19.7886,41.4378,1,1
25.3997,49.5607,7,1
19.7863,41.4384,2,1
24.4901,39.5885,10,1
25.3998,49.5604,2,0
24.7293,46.768,3,1
17.0355,43.0799,1,1
24.7298,46.7688,4,1
24.4854,39.5785,9,1
17.1493,42.6379,10,1
16.9868,42.8191,2,1
24.486,39.5775,9,1
24.7305,46.7701,2,1
16.9613,42.826,58,1
24.486,39.5776,14,1
16.9619,42.828,3,1
25.3915,49.5635,1,1
25.3914,49.5626,2,1
16.979,42.8301,4,1
24.4845,39.5727,9,1
16.964,42.8327,4,1
16.8925,42.5631,3,1
26.373,50.1205,6,1
26.3746,50.1159,5,1
26.352,50.1333,0,1
26.3678,50.0927,4,1
26.3699,50.0845,49,1
26.3637,50.0741,9,1
26.3843,50.0536,7,1
26.3845,50.0534,3,1
26.3846,50.0535,9,1
26.3812,50.0563,2,1
26.3812,50.0563,6,1
17.576,44.2335,5,1
17.577,44.2338,3,1
17.5744,44.2327,4,1
25.3977,49.5973,4,1
25.3923,49.5908,12,1
25.3923,49.5908,12,1
25.3945,49.6051,12,1
25.3594,49.5798,7,1
25.3492,49.6124,5,1
25.3906,49.5944,3,1
25.3525,49.6115,5,1
25.3522,49.6116,4,1
16.931,42.5513,3,1
25.35,49.6079,5,1
16.9237,42.5539,6,1
21.4322,39.7983,4,1
21.4373,39.7844,4,1
25.3544,49.596,5,1
25.3666,49.5861,7,1
26.3808,50.0566,9,1
26.3807,50.0565,8,1